{"stats":{"minecraft:custom":{"minecraft:interact_with_furnace":25,"minecraft:mob_kills":82,"minecraft:interact_with_crafting_table":22,"minecraft:bell_ring":3,"minecraft:leave_game":8,"minecraft:time_since_death":174159,"minecraft:sleep_in_bed":6,"minecraft:climb_one_cm":1190,"minecraft:time_since_rest":5243,"minecraft:sprint_one_cm":593946,"minecraft:damage_taken":1544,"minecraft:walk_one_cm":545716,"minecraft:damage_blocked_by_shield":675,"minecraft:drop":47,"minecraft:damage_dealt":11594,"minecraft:talked_to_villager":1,"minecraft:swim_one_cm":29741,"minecraft:fly_one_cm":413267,"minecraft:open_chest":10,"minecraft:crouch_one_cm":5911,"minecraft:play_time":174159,"minecraft:sneak_time":2251,"minecraft:walk_under_water_one_cm":12505,"minecraft:jump":2523,"minecraft:interact_with_blast_furnace":29,"minecraft:walk_on_water_one_cm":17497,"minecraft:total_world_time":174159,"minecraft:fall_one_cm":55006},"minecraft:broken":{"minecraft:stone_pickaxe":2,"minecraft:stone_axe":1,"minecraft:wooden_axe":3},"minecraft:used":{"minecraft:cooked_mutton":18,"minecraft:water_bucket":2,"minecraft:diorite":11,"minecraft:stone_sword":56,"minecraft:stone_pickaxe":334,"minecraft:chest":1,"minecraft:wooden_pickaxe":50,"minecraft:shield":26,"minecraft:iron_sword":80,"minecraft:white_wool":15,"minecraft:torch":437,"minecraft:dirt":20,"minecraft:crafting_table":11,"minecraft:red_bed":6,"minecraft:blast_furnace":4,"minecraft:granite":1,"minecraft:wooden_axe":140,"minecraft:bread":18,"minecraft:iron_pickaxe":249,"minecraft:stone_axe":72,"minecraft:cobblestone":130,"minecraft:cooked_porkchop":2,"minecraft:furnace":4,"minecraft:andesite":7,"minecraft:bucket":3,"minecraft:cooked_beef":1,"minecraft:cobbled_deepslate":43,"minecraft:iron_leggings":1},"minecraft:mined":{"minecraft:acacia_leaves":3,"minecraft:red_bed":5,"minecraft:deepslate_diamond_ore":4,"minecraft:oak_fence":2,"minecraft:crafting_table":9,"minecraft:torch":18,"minecraft:granite":8,"minecraft:blast_furnace":4,"minecraft:acacia_log":32,"minecraft:grass_block":14,"minecraft:melon":8,"minecraft:chest":1,"minecraft:tall_grass":7,"minecraft:cobblestone":6,"minecraft:deepslate_gold_ore":16,"minecraft:sugar_cane":3,"minecraft:diorite":7,"minecraft:wall_torch":4,"minecraft:redstone_ore":4,"minecraft:furnace":3,"minecraft:iron_ore":111,"minecraft:cobbled_deepslate":4,"minecraft:andesite":20,"minecraft:grass":48,"minecraft:pointed_dripstone":11,"minecraft:coal_ore":150,"minecraft:dirt_path":1,"minecraft:deepslate_iron_ore":9,"minecraft:rail":66,"minecraft:dirt":10,"minecraft:cobweb":51,"minecraft:stone":136,"minecraft:oak_leaves":2,"minecraft:white_wool":5,"minecraft:deepslate":60},"minecraft:crafted":{"minecraft:cooked_beef":33,"minecraft:cooked_porkchop":19,"minecraft:crafting_table":2,"minecraft:iron_helmet":1,"minecraft:wooden_pickaxe":1,"minecraft:iron_sword":1,"minecraft:furnace":1,"minecraft:stone_axe":1,"minecraft:cooked_mutton":18,"minecraft:air":0,"minecraft:iron_boots":1,"minecraft:iron_chestplate":1,"minecraft:shield":1,"minecraft:iron_axe":1,"minecraft:stick":112,"minecraft:iron_ingot":120,"minecraft:iron_pickaxe":2,"minecraft:stone_pickaxe":3,"minecraft:wooden_axe":3,"minecraft:stone_sword":1,"minecraft:gold_ingot":16,"minecraft:iron_leggings":1,"minecraft:acacia_planks":124,"minecraft:torch":360},"minecraft:dropped":{"minecraft:wheat_seeds":15,"minecraft:stone_sword":1,"minecraft:oak_fence":2,"minecraft:rotten_flesh":18,"minecraft:rail":3,"minecraft:melon_seeds":3,"minecraft:acacia_sapling":1,"minecraft:wooden_pickaxe":1,"minecraft:iron_pickaxe":1,"minecraft:white_wool":3},"minecraft:killed":{"minecraft:pig":12,"minecraft:spider":2,"minecraft:creeper":5,"minecraft:skeleton":11,"minecraft:sheep":13,"minecraft:zombie":20,"minecraft:glow_squid":1,"minecraft:cow":15},"minecraft:picked_up":{"minecraft:crafting_table":9,"minecraft:glow_ink_sac":3,"minecraft:andesite":7,"minecraft:leather":17,"minecraft:potato":1,"minecraft:gunpowder":1,"minecraft:dirt":20,"minecraft:red_bed":6,"minecraft:string":57,"minecraft:bone":17,"minecraft:bow":1,"minecraft:wheat_seeds":15,"minecraft:raw_gold":16,"minecraft:cobbled_deepslate":56,"minecraft:beef":48,"minecraft:iron_pickaxe":1,"minecraft:sugar_cane":7,"minecraft:melon_slice":43,"minecraft:chest":1,"minecraft:acacia_sapling":1,"minecraft:furnace":3,"minecraft:stick":2,"minecraft:raw_iron":120,"minecraft:oak_fence":2,"minecraft:torch":99,"minecraft:acacia_log":31,"minecraft:porkchop":23,"minecraft:pointed_dripstone":29,"minecraft:blast_furnace":4,"minecraft:diorite":11,"minecraft:redstone":18,"minecraft:spider_eye":1,"minecraft:diamond":4,"minecraft:arrow":14,"minecraft:rotten_flesh":25,"minecraft:granite":1,"minecraft:melon_seeds":3,"minecraft:mutton":18,"minecraft:coal":230,"minecraft:white_wool":18,"minecraft:rail":67,"minecraft:cobblestone":152}},"DataVersion":3465}