{"stats":{"minecraft:broken":{"minecraft:stone_pickaxe":2,"minecraft:wooden_axe":3},"minecraft:custom":{"minecraft:interact_with_furnace":19,"minecraft:mob_kills":56,"minecraft:interact_with_crafting_table":22,"minecraft:leave_game":6,"minecraft:time_since_death":108499,"minecraft:sleep_in_bed":2,"minecraft:time_since_rest":35634,"minecraft:sprint_one_cm":305778,"minecraft:damage_taken":865,"minecraft:walk_one_cm":312073,"minecraft:damage_blocked_by_shield":175,"minecraft:drop":35,"minecraft:damage_dealt":7069,"minecraft:fly_one_cm":125558,"minecraft:open_chest":4,"minecraft:crouch_one_cm":3934,"minecraft:play_time":108499,"minecraft:sneak_time":1343,"minecraft:walk_under_water_one_cm":1200,"minecraft:jump":1018,"minecraft:interact_with_blast_furnace":22,"minecraft:walk_on_water_one_cm":2725,"minecraft:total_world_time":108499,"minecraft:fall_one_cm":14758},"minecraft:mined":{"minecraft:acacia_leaves":3,"minecraft:red_bed":3,"minecraft:oak_fence":2,"minecraft:crafting_table":9,"minecraft:torch":9,"minecraft:acacia_log":32,"minecraft:blast_furnace":4,"minecraft:melon":8,"minecraft:chest":1,"minecraft:tall_grass":3,"minecraft:cobblestone":6,"minecraft:wall_torch":2,"minecraft:redstone_ore":4,"minecraft:furnace":3,"minecraft:iron_ore":62,"minecraft:cobbled_deepslate":4,"minecraft:andesite":3,"minecraft:grass":38,"minecraft:coal_ore":113,"minecraft:deepslate_iron_ore":6,"minecraft:rail":66,"minecraft:cobweb":51,"minecraft:stone":80,"minecraft:white_wool":5,"minecraft:deepslate":22},"minecraft:picked_up":{"minecraft:crafting_table":9,"minecraft:andesite":2,"minecraft:leather":17,"minecraft:red_bed":3,"minecraft:string":52,"minecraft:bone":8,"minecraft:wheat_seeds":13,"minecraft:cobbled_deepslate":24,"minecraft:beef":48,"minecraft:melon_slice":43,"minecraft:chest":1,"minecraft:acacia_sapling":1,"minecraft:furnace":3,"minecraft:stick":2,"minecraft:raw_iron":68,"minecraft:oak_fence":2,"minecraft:torch":13,"minecraft:acacia_log":31,"minecraft:porkchop":19,"minecraft:blast_furnace":4,"minecraft:diorite":1,"minecraft:redstone":18,"minecraft:arrow":2,"minecraft:rotten_flesh":15,"minecraft:melon_seeds":1,"minecraft:mutton":18,"minecraft:coal":193,"minecraft:white_wool":18,"minecraft:rail":67,"minecraft:cobblestone":95},"minecraft:used":{"minecraft:cooked_mutton":2,"minecraft:diorite":1,"minecraft:stone_sword":56,"minecraft:stone_pickaxe":299,"minecraft:wooden_pickaxe":50,"minecraft:shield":6,"minecraft:iron_sword":17,"minecraft:white_wool":15,"minecraft:torch":187,"minecraft:crafting_table":10,"minecraft:red_bed":2,"minecraft:blast_furnace":3,"minecraft:wooden_axe":140,"minecraft:bread":16,"minecraft:iron_pickaxe":35,"minecraft:stone_axe":53,"minecraft:cobblestone":63,"minecraft:furnace":3,"minecraft:bucket":1,"minecraft:andesite":2,"minecraft:cooked_beef":1,"minecraft:cobbled_deepslate":20,"minecraft:iron_leggings":1},"minecraft:killed":{"minecraft:pig":9,"minecraft:spider":2,"minecraft:creeper":2,"minecraft:skeleton":4,"minecraft:sheep":13,"minecraft:zombie":10,"minecraft:cow":15},"minecraft:dropped":{"minecraft:wheat_seeds":13,"minecraft:stone_sword":1,"minecraft:oak_fence":2,"minecraft:rotten_flesh":10,"minecraft:rail":3,"minecraft:melon_seeds":1,"minecraft:acacia_sapling":1,"minecraft:wooden_pickaxe":1,"minecraft:white_wool":3},"minecraft:crafted":{"minecraft:cooked_beef":33,"minecraft:cooked_porkchop":19,"minecraft:crafting_table":2,"minecraft:iron_helmet":1,"minecraft:wooden_pickaxe":1,"minecraft:iron_sword":1,"minecraft:furnace":1,"minecraft:stone_axe":1,"minecraft:cooked_mutton":18,"minecraft:air":0,"minecraft:iron_boots":1,"minecraft:iron_chestplate":1,"minecraft:shield":1,"minecraft:iron_axe":1,"minecraft:stick":80,"minecraft:iron_ingot":62,"minecraft:iron_pickaxe":2,"minecraft:stone_pickaxe":3,"minecraft:wooden_axe":3,"minecraft:stone_sword":1,"minecraft:iron_leggings":1,"minecraft:acacia_planks":124,"minecraft:torch":232}},"DataVersion":3465}