{"stats":{"minecraft:broken":{"minecraft:stone_pickaxe":2,"minecraft:stone_axe":1,"minecraft:wooden_axe":3},"minecraft:custom":{"minecraft:interact_with_furnace":19,"minecraft:mob_kills":68,"minecraft:interact_with_crafting_table":22,"minecraft:leave_game":7,"minecraft:time_since_death":132232,"minecraft:sleep_in_bed":3,"minecraft:time_since_rest":414,"minecraft:sprint_one_cm":393104,"minecraft:damage_taken":999,"minecraft:walk_one_cm":380158,"minecraft:damage_blocked_by_shield":360,"minecraft:drop":35,"minecraft:damage_dealt":8795,"minecraft:swim_one_cm":12175,"minecraft:fly_one_cm":212662,"minecraft:open_chest":4,"minecraft:crouch_one_cm":4423,"minecraft:play_time":132232,"minecraft:sneak_time":1621,"minecraft:walk_under_water_one_cm":8192,"minecraft:jump":1508,"minecraft:interact_with_blast_furnace":22,"minecraft:walk_on_water_one_cm":7419,"minecraft:total_world_time":132232,"minecraft:fall_one_cm":25806},"minecraft:mined":{"minecraft:acacia_leaves":3,"minecraft:red_bed":3,"minecraft:oak_fence":2,"minecraft:crafting_table":9,"minecraft:torch":18,"minecraft:granite":8,"minecraft:acacia_log":32,"minecraft:blast_furnace":4,"minecraft:grass_block":1,"minecraft:melon":8,"minecraft:chest":1,"minecraft:tall_grass":7,"minecraft:cobblestone":6,"minecraft:diorite":7,"minecraft:wall_torch":4,"minecraft:redstone_ore":4,"minecraft:furnace":3,"minecraft:iron_ore":105,"minecraft:cobbled_deepslate":4,"minecraft:andesite":20,"minecraft:grass":42,"minecraft:coal_ore":150,"minecraft:deepslate_iron_ore":6,"minecraft:rail":66,"minecraft:dirt":4,"minecraft:cobweb":51,"minecraft:stone":120,"minecraft:white_wool":5,"minecraft:deepslate":22},"minecraft:picked_up":{"minecraft:crafting_table":9,"minecraft:glow_ink_sac":3,"minecraft:andesite":7,"minecraft:leather":17,"minecraft:potato":1,"minecraft:dirt":6,"minecraft:red_bed":3,"minecraft:string":56,"minecraft:bone":10,"minecraft:bow":1,"minecraft:wheat_seeds":14,"minecraft:cobbled_deepslate":24,"minecraft:beef":48,"minecraft:melon_slice":43,"minecraft:chest":1,"minecraft:acacia_sapling":1,"minecraft:furnace":3,"minecraft:stick":2,"minecraft:raw_iron":111,"minecraft:oak_fence":2,"minecraft:torch":98,"minecraft:acacia_log":31,"minecraft:porkchop":23,"minecraft:blast_furnace":4,"minecraft:diorite":11,"minecraft:redstone":18,"minecraft:spider_eye":1,"minecraft:arrow":8,"minecraft:rotten_flesh":17,"minecraft:granite":1,"minecraft:melon_seeds":2,"minecraft:mutton":18,"minecraft:coal":230,"minecraft:white_wool":18,"minecraft:rail":67,"minecraft:cobblestone":136},"minecraft:used":{"minecraft:cooked_mutton":9,"minecraft:diorite":11,"minecraft:stone_sword":56,"minecraft:stone_pickaxe":325,"minecraft:wooden_pickaxe":50,"minecraft:shield":13,"minecraft:iron_sword":27,"minecraft:white_wool":15,"minecraft:torch":317,"minecraft:dirt":6,"minecraft:crafting_table":10,"minecraft:red_bed":3,"minecraft:blast_furnace":3,"minecraft:granite":1,"minecraft:wooden_axe":140,"minecraft:bread":16,"minecraft:iron_pickaxe":164,"minecraft:stone_axe":72,"minecraft:cobblestone":114,"minecraft:furnace":3,"minecraft:bucket":1,"minecraft:andesite":6,"minecraft:cooked_beef":1,"minecraft:cobbled_deepslate":20,"minecraft:iron_leggings":1},"minecraft:killed":{"minecraft:pig":12,"minecraft:spider":2,"minecraft:creeper":4,"minecraft:skeleton":6,"minecraft:sheep":13,"minecraft:zombie":12,"minecraft:glow_squid":1,"minecraft:cow":15},"minecraft:dropped":{"minecraft:wheat_seeds":13,"minecraft:stone_sword":1,"minecraft:oak_fence":2,"minecraft:rotten_flesh":10,"minecraft:rail":3,"minecraft:melon_seeds":1,"minecraft:acacia_sapling":1,"minecraft:wooden_pickaxe":1,"minecraft:white_wool":3},"minecraft:crafted":{"minecraft:cooked_beef":33,"minecraft:cooked_porkchop":19,"minecraft:crafting_table":2,"minecraft:iron_helmet":1,"minecraft:wooden_pickaxe":1,"minecraft:iron_sword":1,"minecraft:furnace":1,"minecraft:stone_axe":1,"minecraft:cooked_mutton":18,"minecraft:air":0,"minecraft:iron_boots":1,"minecraft:iron_chestplate":1,"minecraft:shield":1,"minecraft:iron_axe":1,"minecraft:stick":96,"minecraft:iron_ingot":62,"minecraft:iron_pickaxe":2,"minecraft:stone_pickaxe":3,"minecraft:wooden_axe":3,"minecraft:stone_sword":1,"minecraft:iron_leggings":1,"minecraft:acacia_planks":124,"minecraft:torch":296}},"DataVersion":3465}